title,score,id,url,num_comments,created,body
"Colombia's Eje Cafetero and Bogot√° -- the perfect trip, until it wasn't",75,1i38v19,https://www.reddit.com/r/travel/comments/1i38v19/colombias_eje_cafetero_and_bogot√°_the_perfect/,14,1737089799.0,"*TLDR - I fell in love with this country and its amazing people. On my last day I witnessed a shooting and did my best to stop the guy from bleeding out.*

I've been in Colombia for 18 days now. It's my first ever trip to this beautiful country and for the past few days I've been thinking about writing up all my wonderful experiences and sharing them here on Reddit, but something happened today and I'm going to share my unvarnished experience.

I decided to fly to Colombia at the last minute and bought my flights two days before departure. I found a lot of travel inspiration in this subreddit and others that made me decide that the Eje Cafetero was the trip I needed. But the flight deal I found took me to Bogot√°.

I spent about a week in Bogot√° and I thoroughly enjoyed myself. The city was never high on my list, but I wanted to make the most of it. Of course, I was aware of the safety situation in the city, so I took many precautions: Planned my route if I was walking and mostly knew it by heart, Ubered at night, always kept my head on a swivel, all that kind of No Des Papaya stuff.

I spent my first few nights in a hotel near Parque El Virrey. It's a quiet area with plenty of good restaurants and places to walk to. I especially enjoyed my morning walks in the park and along the greenbelt that connects to Parque El Chic√≥. I had some great meals. And I liked the happening bar scene in Zona T / Zona Rosa.

Then I stayed a few nights at a wonderful Airbnb in Chapinero where the host cooked me a delicious lunch every day. My favorite was ajiaco. I rode the TransMilenio to La Candelaria. Great museums there. And I enjoyed wandering through all the streets and alleys around Plazoleta Chorro de Quevedo. I went to Monserrate and walked all the way up and down. I had a blast stopping at different vendors along the way for fresh fruit, chicha, coca tea. Anyways, you get it: the oft-maligned city of Bogot√° has some nice things to offer and I was into it.

But the core of the trip was the Eje Cafetero. So I left Bogot√° and I spent 10 days touring Jard√≠n, Jeric√≥, Filandia, and Salento. This is when I really fell in love with Colombia. The people were some of the warmest and most genuine that I've encountered in my travels. I would greet people as I walked around town and it would often turn into a short conversation. I met people that I wound up sharing meals with or hanging out with for an extended time. The landscapes are breathtaking. And also you can let your guard down a little in these areas. Generally, MUCH MUCH safer than a big city like Bogot√°. I felt relaxed, tranquil and grateful to be visiting. Maybe one day I will write more about this part of the journey, but you get it: it's an awesome place and I was in travel heaven.

But all good things must come to an end and I arrived back in Bogot√° in preparation for my flight home tomorrow. So, today was my last full day in Colombia. Just before 2pm in the afternoon I was walking in one of my favorite parts of Chapinero (east of Carrera 7 and north of Calle 53). An area with amazing restaurants, beautiful homes. . .basically a place that most people would call a ""nice"" neighborhood, and maybe even a ""safe"" neighborhood. 

I saw 2 guys on a motorbike coming my way. A common sight, but one that always puts me on high alert when I'm in Latin America. They passed by me and I kept on my way. And then POP POP POP. It didn't register as gunfire right away, but I spun around and I see the guy from the back of the motorbike with a gun in his hand and the guy he shot crumpling to the ground. By this point, I was in shock/disbelief but a woman near me started screaming and we both went over to the victim to help. I had my suitcase with me and took out a tshirt and applied pressure to the wound on his arm and in his midsection where he was bleeding out pretty fast. A big crowd amassed and after not too long an ambulance and a bunch of cops on motorcycles showed up. I have since read several news articles about the shooting and watched an interview with the victim's mother. He was very seriously injured and is in intensive care. While looking at media coverage I also saw myself on security camera footage that captured the shooting. It was all very disturbing and surreal since I've never had an experience like this. I do realize that violence happens all over the world and this is not just a Bogot√° thing or a Colombia thing, but it's cast a shadow over this trip. In addition to feeling sad for the man who was shot I am sad that the many great people who live in Bogot√° are dealing with this kind of insecurity. I read some of their posts on twitter and other places online reacting to this shooting and I can sense their immense frustration and anger with their leaders."
What country/culture ended up being way different than you anticipated?,10,1i3f8cp,https://www.reddit.com/r/travel/comments/1i3f8cp/what_countryculture_ended_up_being_way_different/,13,1737116802.0,"Just thinking back on how amazing my Poland trip was this past summer, and how much different the people were than I had anticipated. You always hear about the Polish face or how there‚Äôs little to no emotion, even my Polish friends here in the states joke about it. I also read a lot of history and it‚Äôs no secret that Poland has had a rough past‚Ä¶ I imagined the Polish people were going to be a sort of hardened, stand offish type people. Like it was going to be hard to connect with anyone. Not unfriendly, maybe just‚Ä¶ more hardened than other places in Europe. I honestly couldn‚Äôt have been more wrong. I met some of the most delightful people there, everyone I spoke to was extremely friendly and polite. It was the first place I ever had people get excited that I knew a few words of their language, which to hear about happening but I‚Äôd never experienced until Poland. I‚Äôd honestly say that the Polish are probably some of my favorite people in Europe.



Have you guys ever been totally off base with what you thought a country was going to be like when you got there?"
Why is overland travel to French Guiana so expensive?,158,1i2ump9,https://www.reddit.com/r/travel/comments/1i2ump9/why_is_overland_travel_to_french_guiana_so/,45,1737049533.0,"I am traveling to Suriname next month and I was looking into a short tour (3 days or so) to French Guiana. I noticed that all tour operators charge VERY high prices just for transportation alone, about USD300 for a single trip from Paramaribo to Cayenne. What is the reason for this? Is it because it is the only option, as there are no flights? For comparison: a single trip from Paramaribo to Georgetown (Guyana), which is roughly the same distance, costs about USD75."
"4 days in Beautiful Baku, Azerbaijan ",2798,1i2bhm8,https://www.reddit.com/gallery/1i2bhm8,97,1736985039.0,"This is my first post in the community and I‚Äôm relatively new to Reddit. 

I wanted to share some pictures from my trip to Baku from last year. I live in the US and Azerbaijan is not really on anyone‚Äôs travel radar and I like to go to off the beaten path places if I can to avoid overtourism. 

In order these are the pictures: 
1. Baku City Seaside National Park - I stayed in a hotel along the park and while on a busy road I loved the park, lots of cafes places to sit beautifully landscaped with nice views of the skyline and the Caspian Sea. 
2. Buildings along the waterfront.
3. Historic buildings in the city center. 
4. Nizami street Baku‚Äôs main shopping street downtown. 
5. Same as above. 
6. Museum of Azerbaijan literature. Didn‚Äôt go in but did do the national carpet museum which is located in the waterfront park and it was excellent if you like the art of rugs from this region. 
7. Ismailiyya Palace / ƒ∞smailliyy…ô sarayƒ±
8. S…ôad…ôt Sarayƒ± - used for weddings 
9. Baku City Hall
9. Baku Metro - Photography is prohibited but I was excited to be on a former Soviet metro system so I had to break the rules. 
10 - 11. Baku White City - a new massive development built as an extension of the urban core with modern and traditional architectural styles on former industrial land. The metro will be extend through the area. It has many shops, hotels, offices, and schools mixed in with the higher density housing. 
12. Port Baku, major shopping and office area. Lots of new investments are being made in the area in terms of parks and new streets to be more pedestrian friendly and enhance connectivity. 
13. Taken from Maiden Tower which is not pictured but this is the view of the old city with Flame Towers in the background. 
14. Heydar Aliyev Culture Center by Zaha Hadid. 
15. City view and park in front of Heydar Aliyev Center. 
16. Bibi Heyat Mosque 
17. Gobustan petroglyphs historic site. It was cool to see how this Neolithic society caught water and engraved carvings depicting their rituals into the rocks here and the view was great. 
18. Mud volcanoes. You can touch them as they erupt cold. They smell like gasoline and you can light them on fire. We drove out to them in old Soviet cars which was really unique. 
20. Shah Mosque in the historic city i√ßeri≈üehir. 

Overall I loved Baku it was very beautiful and clean, I wish I could have post more pictures and included the food I ate which was all very fresh and delicious. The city is a great contrast between new and old and it‚Äôs hard to place as it looks oddly Parisian or British in parts and then kind of like a Turkic Dubai in other areas. Everyone we encountered was very kind and it was one of the most warm countries I‚Äôve visited. Flying over Azerbaijan the landscape in general is beautiful in the foothills of the Caucasus and would be worth exploring in depth if only I had more time. 

Happy to answer any questions about the trip but thanks for taking the time to view my post. "
Pyramids and Petra,30,1i33rnq,https://www.reddit.com/r/travel/comments/1i33rnq/pyramids_and_petra/,49,1737073616.0,"Our next big adventure will be to see the Pyramids of Giza, then to Petra.  Those of you who have been there, did you go with a guided tour or by yourselves.  Given the region, I feel a guided tour would be the safest, what tour company would you recommend?  Thank you for any help."
Singapore: day trip to islands,3,1i3cycv,https://www.reddit.com/r/travel/comments/1i3cycv/singapore_day_trip_to_islands/,4,1737107502.0,"I have 1 full day left to spend in Singapore and was wondering if going to one of the islands accessible by ferry (Batam, Tanjung Pinang) would be worth it. I would probably try to walk around a bit and not go with a organized tour. Has anybody done this before?

I've already seen everything in Singapore (I've been here multiple times) so am looking for something new."
6 days in NZ South Island: your advice,4,1i39nui,https://www.reddit.com/r/travel/comments/1i39nui/6_days_in_nz_south_island_your_advice/,10,1737092747.0,"Finally was able to secure trip with family (kids) to NZ. We will arrive/leave off AKL but taking flights to/from Queenstown. We will have full 6 days not including days of travel even days of flying from/to ZQN/AKL.

I am renting a car and my family got used to road trips.

First night will sleep Queenstown > spend 1-2 days in Te Anau/Milford Sound, 1 day Wanaka, 1-2 days in Fox Glacier/West Coast then 1-2 days in Tekapo before heading back to Queenstown and sleep the night before flying out on the 7th day from ZQN to AKL.

I am really not sure if I have skip Te Anau/Milford Sound or skip Tekapo instead. Just a disclaimer, we drove 6-7 hours multiple days in a row on roadtrip before with no issues. We are people of scenes and landscapes, not into beach and not planning to use a chopper.

Please let me know if this plan sounds reasonable or you recommend some modifications by removing some stuff or suggest alternatives

"
"A very underexplored region! Nakhchivan, Azerbaijan",84,1i2pcmr,https://www.reddit.com/r/travel/comments/1i2pcmr/a_very_underexplored_region_nakhchivan_azerbaijan/,23,1737035497.0,"Recently I visted Nakhchivan (Azerbaijan), the biggest landlocked exclave in the world!



Always wanted to visit it, as it seems to be on no-ones radar. Over the course of my 3 day trip I saw almost no tourists; a single family and one group of friends. The reason for it being that Nakhchivan has few connections to the outside, as the land borders are closed for nearly everyone and the airport mainly serves the capital.

The main highlight for sure is Alinja Castle (Qasili), high up in this mountainous region. And you can feel the the influences of the Middle East and the late Soviet Union, though very few speak Russian (and English even less so).

In general mid-to-cheap prices, but very little tourist infrastructure (that makes exploring it fun though). People are stoic but open to chat if you are able to communicate.

  
First post on this sub, but very happy to answer questions!

Photos:

1. View from highest point of Alinja Castle
2. Lower view of Alinja Castle
3. The Haydar Mosque in Nakhchivan city (supposedly biggest in the Caucasus)
4. A tea house in Ordubad, they drink loads of Chai
5. Snake Mountain (ƒ∞landaƒü), *where Noah's ark fell down on after the floods*
6. Central government building in Nakhchivan city
7. View of Iran from the mountains
8. Hike up to Alinja castle

[1 Alinja Castle, high point](https://preview.redd.it/ic7ettqj1dde1.jpg?width=4032&format=pjpg&auto=webp&s=6bd168074a3547db8bd85373c2659bd2771cbc16)

[2 Alinja Castle, low point](https://preview.redd.it/za6h02rj1dde1.jpg?width=4032&format=pjpg&auto=webp&s=32042ff965ecdcd25f7001903c065e9b7bf9d7c7)

[3 Haydar Mosque in Nakhchivan city](https://preview.redd.it/30q24vqj1dde1.jpg?width=4032&format=pjpg&auto=webp&s=42271934d79be4c8d3936c9425371f0eb5dc315a)

[4 Local tea house in Ordubad](https://preview.redd.it/lz45fvol1dde1.png?width=3024&format=png&auto=webp&s=797548db64ddcc6b71e59fdb5f34931d2292a0f1)

[5 Snake Mountain \(ƒ∞landaƒü\), Noah's boat landing](https://preview.redd.it/376qbo8n1dde1.jpg?width=4032&format=pjpg&auto=webp&s=d7f1136b3416e4c95e8031834d1dfc1df0e24261)

[6 Local government in Nakhchivan city](https://preview.redd.it/4s5hdonn1dde1.png?width=3024&format=png&auto=webp&s=848545b63020333677cdb23f167977077e6387ab)

[7 View of Iran in the distance from the mountains near Snake Mountain](https://preview.redd.it/ff65r9fo1dde1.jpg?width=4032&format=pjpg&auto=webp&s=a1586ab3f65daa3134877b166fd5aa1cda4615e9)

[8 Hike up to Alinja Castle](https://preview.redd.it/zr9ij9fo1dde1.png?width=3024&format=png&auto=webp&s=fda8bb24e99ab89daed742b4d4daf9b122eeb01a)

"
"Asked to a wedding in Sydney, Austrailia in November 2025, also want to go to New Zealand if I am in the area. ",2,1i3cxq0,https://www.reddit.com/r/travel/comments/1i3cxq0/asked_to_a_wedding_in_sydney_austrailia_in/,11,1737107421.0,"I have no idea where to even start. I have 3 weeks of vacation and I can start on November 12th and end on December 2nd to have some time off before I return to work. Or I can take time off later in November and return mid December. This would mean going to Austrailia first then NZ, and fly home from NZ which is looking like a 3-4 leg journey. Starting point being Edmonton International. 

The wedding is the last weekend of November. 

Based on my research so far it would be better to go to New Zealand first for 1.5 weeks, try to do a stay on both islands, then fly to Sydney for the wedding and a 1.5 week stay. (The less Jet Lag method).

I will have friends in Sydney but NZ will most likely be totally solo, which is fine. Im a LOTR nerd and ive wanted to go for a very very long time.

Flight prices are kind of crazy, initial research is around 3600 CAD one way for premium, (im 6'8"" so I need the legroom), which is almost as much as I spent for a round trip flight to Italy in October 2023.

Any insight or general reccomendations for  planning this monstrosity are much appreciated. Im mostly curious on how I should plan this trip, I can fill an itinerary out later."
Royal screw-up AIR FRANCE,2,1i3cv7u,https://www.reddit.com/r/travel/comments/1i3cv7u/royal_screwup_air_france/,2,1737107092.0,"A few months back, I had to have my suitcase delivered to me because Delta and Air France screwed up with my connections. My suitcases arrived the next day. So imagine my surprise when now almost 3 months later, when I get an email from a Charles de Gaulle airport agent saying that my lost suitcase has now been found and that I need to get in touch with them so that it can be delivered. Total confusion on my end. But,I assumed that something had been removed from a suitcase I didn't notice. 
   The suitcase arrives and in my half asleep state, I take it to my apartment and notice that it isn't mine. However, my name is ALL over this suitcase with various tags. There is a tiny piece of a name on it, but it looks ripped off. 
  It's not mine! How did this happen? Why did this happen? And how do I get it back to the right person?"
Recommendations of beautiful chill locations in Thailand to spend a week.,1,1i3fpei,https://www.reddit.com/r/travel/comments/1i3fpei/recommendations_of_beautiful_chill_locations_in/,0,1737118471.0,"My wife and I are thinking of having a two week getaway in Thailand. The first week we are planning to do a little bit of ‚Äòtravelling‚Äô but the second hotel we just wanted to stay in a nice hotel for a week.

Are there any recommendations as to a beautiful / relaxing locations?

Somewhere that has some restaurants / bars nearby so we can just go half board or breakfast only at the hotel. All inclusive doesn‚Äôt seem to be much of a thing!

My wife suggested koh Samui having done some travelling 15 years ago. However, things may have moved on in terms of where‚Äôs good."
What to do in Milan as students,2,1i3fjvz,https://www.reddit.com/r/travel/comments/1i3fjvz/what_to_do_in_milan_as_students/,0,1737117932.0,"Hi, me and my class are going to Milan in April on a class trip. We are all in the age group 19-25y. Any advice on what to do in Milan? We're staying there 5 nights.

Preferably something active f.eks: Exploring different places, Clubs/bars, Swimming



Cheers"
Good walking/ hiking shoes to travel in,1,1i3faz3,https://www.reddit.com/r/travel/comments/1i3faz3/good_walking_hiking_shoes_to_travel_in/,0,1737117054.0,"I‚Äôm going backpacking around SE Asia with friends for 2.5 months and realised I don‚Äôt have the right shoes. There‚Äôs gonna be A LOT of walking on lots of different terrain so does anyone have any good suggestions of any shoes for roughly under ¬£150, preferably under ¬£100."
Taiwan city tour for 2pax,0,1i3e3lf,https://www.reddit.com/r/travel/comments/1i3e3lf/taiwan_city_tour_for_2pax/,1,1737112467.0,"Just around the city from 8am-6pm for 5000 NTD, is it worth it???? Private nice van with karaoke but still im not sure if it is worth it."
"Penang, Kota Kinabalu or Langkawi?",7,1i33bjc,https://www.reddit.com/r/travel/comments/1i33bjc/penang_kota_kinabalu_or_langkawi/,16,1737072312.0,"Family of 4, 2 adults and 2 kids (10 and 8) are travelling to KL in April. From there we will have a week in either Penang, Kota Kinabalu or Langkawi. I'm completely overwhelmed! Which place would people suggest? Kids are active, one a dare devil, one a little more reserved. One adult has an injury that prevents walking for hours. All love food, which has me leaning towards Penang. 

Thanks!"
Want to share some pictures of my trip in Korea.,68,1i2lzzz,https://www.reddit.com/r/travel/comments/1i2lzzz/want_to_share_some_pictures_of_my_trip_in_korea/,14,1737023264.0,"I met beautiful weather during my trip at the end of March. I am wondering whether I can place some pics with the black views of strangers. I don't know whether it is allowed here and I also know that Korean hate to be taken photos without notices. Maybe not only Korean but all people around the world. If it is allowed here, I can also tell more story hhh.

[I cannot remember in which city I took the pic. In Busan I suppose,](https://preview.redd.it/r06shf5tvbde1.jpg?width=2667&format=pjpg&auto=webp&s=071cbf1e0176d936fb7d953895359ec1f387d2fc)

In Busan I lived in a good Youth Hostel. The owner is very young, in his early 20. He and his friends always went out for alcohol until pretty late at night. They are cute. I talked with a Malaysian and a South Korean until 3 o'clock. And I am a Chinese. It is a wonderful memory.

[Also in Busan I guess](https://preview.redd.it/2am8c92twbde1.jpg?width=5839&format=pjpg&auto=webp&s=77ab79fdb3c34f6023c9f102a26414a87baee053)

[I really love the sunshine reflected on the window.](https://preview.redd.it/5nxkdxtvwbde1.jpg?width=2505&format=pjpg&auto=webp&s=22235c435d54462957a6d1a39b4c601c5567b743)

https://preview.redd.it/cb1c7sf1xbde1.jpg?width=2665&format=pjpg&auto=webp&s=7e44d61b17a47e994bff3cd77759f49c36bfe193

I¬†accidentally¬†came¬†across¬†a¬†firework¬†event¬†in¬†Busan.¬†l¬†remember¬†it¬†was¬†a¬†celebration¬†of¬†Busan¬†holding¬†up¬†the¬†World¬†Expo.¬†The¬†firework¬†was¬†beautiful.¬†Many¬†people¬†placed¬†their¬†picnic¬†mats¬†early¬†in¬†afternoon¬†on¬†the¬†beach,.¬†When¬†l¬†came¬†back¬†to¬†the¬†beach¬†at¬†that¬†time,¬†l¬†was¬†not¬†allowed¬†to¬†get¬†into¬†the¬†beach¬†for¬†inside¬†was¬†full.¬†But¬†the¬†firework¬†is¬†still¬†beautiful.¬†After¬†the¬†firework,¬†l¬†got¬†myself¬†Jjajangmyeon¬†which¬†is¬†my¬†favorite¬†food¬†in¬†South¬†Korean.¬†l¬†cannot¬†find¬†jajangmyeon¬†same¬†delicious¬†in¬†China.¬†Pity.

[I went to JEJU. The green hat was my favourite during the whole trip. I bought in Seoul, wearing in Busan and JEJU.](https://preview.redd.it/xj604sm9ybde1.jpg?width=6000&format=pjpg&auto=webp&s=d8519abbfdb398e4565ecb341ee087a196ea09af)

[I don't know what's the name of the flowers. But they are everywhere in JEJU. AMAZING and VIBRANT.](https://preview.redd.it/v15bu3kiybde1.jpg?width=4970&format=pjpg&auto=webp&s=f76859a790bc4b333734f5eb346bec209b097a89)

[It was an ONE-PERSON trip. But I came across many cute couples. They are lovely.](https://preview.redd.it/gr8r2j3tybde1.jpg?width=6000&format=pjpg&auto=webp&s=ea79839b1066f7b85a31ff61c995447d7721199e)

[A couple trying to record their lovely trip.](https://preview.redd.it/fzix48onxide1.jpg?width=5999&format=pjpg&auto=webp&s=afc1edc090ef16b811816981ed35ac7259773f42)

[Maybe take a rest and watch the sea.](https://preview.redd.it/wb06q73pxide1.jpg?width=6000&format=pjpg&auto=webp&s=4c2323371e04670a555981ede65d04f1e2abc791)

https://preview.redd.it/7jcysrh1zbde1.jpg?width=5560&format=pjpg&auto=webp&s=97ffd2bb460f332955580afc3303f5c4ecc64fcd

I¬†got¬†out¬†of¬†the¬†bus¬†one¬†stop¬†late,¬†And¬†l¬†decided¬†to¬†walk¬†to¬†the¬†destination,¬†a¬†decision¬†really¬†exhausting¬†me.¬†However,¬†all¬†the¬†way¬†there¬†was¬†no¬†person¬†at¬†all.¬†l¬†sang¬†songs¬†all¬†the¬†way.¬†The¬†memory¬†is¬†my¬†life¬†treasure.¬†lt¬†moved¬†me¬†when¬†l¬†saw beautiful¬†flowers¬†in¬†the¬†rocks.

https://preview.redd.it/ulewu3fmzbde1.jpg?width=6000&format=pjpg&auto=webp&s=b67e4e5aed177d7820d1ec3f35e474bc1beff8ec

https://preview.redd.it/yy0f72mhxide1.jpg?width=4000&format=pjpg&auto=webp&s=4e3caf0c3bc6fc8646a3c944c15eccf8a76b8243

I lived in a hostel beside Seongsan Ilchulbong. But I had no idea about that when I booked it. That night when I decided where to go I realized it was a famous attraction. So I decided to go. Early in the morning when the sky was still dark and black, I went out. The street was empty. However, when I approached Ilchulbong, people in different countries showed up from all directions. It was a moving scenario. I was alone. It was cold. But I was happy to see this beautiful sunrise. Moreover, I also met the foreign couple who took the same bus with me the day before. They hugged when they saw the sunrise. Sweet.

[A small boat on the sea under Seongsan Ilchulbong](https://preview.redd.it/179o9o8o0cde1.jpg?width=6000&format=pjpg&auto=webp&s=5045a4c477c2bb7b67d72cbcb3076362bdc5f646)

https://preview.redd.it/00hob64j1cde1.jpg?width=6000&format=pjpg&auto=webp&s=b85c254910f25dbea8499106fa8fa7b7adb3a278

[I was there, eating ice cream. This man stood there, talking with his fishman friend. His friend was about to leave on a boat\(?\).](https://preview.redd.it/4064zzsyxide1.jpg?width=4000&format=pjpg&auto=webp&s=192b62450c117c9f6f5dd489af1246ea45a2b3fb)

https://preview.redd.it/x2iust8zxide1.jpg?width=4000&format=pjpg&auto=webp&s=3b061ce444ccb7d7c8f63c86f32476ab28a63e37

[I love dog!](https://preview.redd.it/gnvc46nzxide1.jpg?width=3072&format=pjpg&auto=webp&s=38bc1f51b2dc6291e65a383a4acbe4288f39d09b)

[I just love the Dynamic feel in the pic](https://preview.redd.it/67lq6vx4yide1.jpg?width=5592&format=pjpg&auto=webp&s=5018d7069905afaa5a6fd4cb219d7062f12dbf6d)

https://preview.redd.it/q08zbmtk1cde1.jpg?width=4000&format=pjpg&auto=webp&s=96139d35dfb96c415e74dcf88445fb17ba4d0630

[I came at right time. Cherry Blossomed.](https://preview.redd.it/qdprwcvl1cde1.jpg?width=4000&format=pjpg&auto=webp&s=ea87b0088988ee8a9345c4065269fe1121376fc4)"
Turkey visa rejection,1,1i3c69d,https://www.reddit.com/r/travel/comments/1i3c69d/turkey_visa_rejection/,4,1737103831.0,"I‚Äôm Vietnamese citizen and I have Russian residence permit.

Currently I‚Äôm living in Russia. 

I applied for a Turkey tourist visa at visa center (gateway international) in Moscow, but yesterday I got an email stating that my visa was rejected. 

Employee at visa center I was told to find out the reason of rejection I have to contact the Embassy, but at Turkey embassy I was told that they don‚Äôt consult with visa and I should ask visa center, where I applied.

 I called the visa center again, but this time they told me I should reach out to G√∂√ß ƒ∞daresi (Directorate General of Migration Management).

I‚Äôve sent emails to gocidaresi@goc.gov.tr and yabancilar@goc.gov.tr, but I haven‚Äôt received any response yet.

Has anyone been in a similar situation or can provide some guidance? 
Any advice would be greatly appreciated!"
"Family adventures in Vancouver, BC?",6,1i31w19,https://www.reddit.com/r/travel/comments/1i31w19/family_adventures_in_vancouver_bc/,4,1737068301.0,"My American family is planing to visit my girlfriend and me later this year and we have decided to explore Vancouver, British Columbia with them. Me and my girlfriend live in Manitoba but it makes more sense to have everyone travel to Vancouver. 

But where should I take them? What should we do? My parents are late 60s/early 70s and my brother and his wife are really into good food. I want to find a balance between touristy stuff and things off the beaten path. 

Any suggestions and ideas that would be perfect for an American family that is looking to see the sights, try good food, but not be too overwhelmed? Thanks! "
"Algarve base - Faro, Lagos or Albufeira?",4,1i33e5v,https://www.reddit.com/r/travel/comments/1i33e5v/algarve_base_faro_lagos_or_albufeira/,5,1737072523.0,"Am heading to Portugal with my wife for our first visit in March. Will be visiting Lisbon/Porto etc. but out inward and outward flights are from Faro, so we'd like to have a few days at either end in the Algarve. 

I'm wondering which is the best place to base ourselves? The aim is mainly relaxation. What I'm looking for is:

- Some decent accomodation, a balcony with a sea view and a pool would be great
- Amenities within walking distance. Grocery stores, cafes, restaurants, bars etc. We're in our 40s and not going to party. We don't need specific 'foreigner' bars or anything and we'd choose safe and (relatively) quiet over loud and exciting 
- Easy to get around on foot or by public transport- direct links to Faro airport are preferred (we won't have a car).

I'm not sure if this is possible or not, but basically I'm looking for somewhere where for a few days we can chill out, stroll around some pleasant streets, relax on a balcony, have enough budget-friendly food options to either buy from supermarkets and have in the hotel or in local cafes, have a nice stroll in the evening and have a nightcap somewhere.

Recommendations of which of the three cities are better, or even specific areas in the city or even specific hotel recommendations are very much welcomed!

Obligado/a."
M24 Solo 4-week Europe Itinerary Feedback ,4,1i335od,https://www.reddit.com/r/travel/comments/1i335od/m24_solo_4week_europe_itinerary_feedback/,2,1737071870.0,"Fly (1 day) ‚Äî London (4 days) ‚Äî Paris (3 days) ‚Äî Prague (3 days) ‚Äî Vienna (3 days) ‚Äî Budapest (3 days) ‚Äî Fly ‚Äî Athens (3 days) ‚Äî Spain or Portugal (6 days) ‚Äî Fly home (1 day)

Total 27 days

What do you think of my (M24) literary for 4 weeks in Europe, May 2025? 
First trip to Europe! It will be a solo trip to celebrate my graduation from uni (finishing my degree!). 

Some things I‚Äôm looking for:
- Love architecture, good food, good city vibes, walkable, and soon nature. 
- Budget-friendly is preferred but a good experience is worth every dime. 
- Don‚Äôt want it to feel too rushed. For my last destination, I want to relax and kick my feet up for a bit before going back home to reality lol, hence the 6 days. 

How does this look? Any recommendations? 

I would love to explore Italy but I know it will be extremely busy this year (2025) with the Catholic celebration and a bit of a hassle to get to since it‚Äôs on a peninsula. Also, I feel like there is so much to see in Italy, so it can be a trip of its own in the future. 

Thank you, all!"
St.Lucia in August? ,2,1i37cnp,https://www.reddit.com/r/travel/comments/1i37cnp/stlucia_in_august/,0,1737084640.0,Hi I am looking into booking a short vacation with my girlfriend in August at Hotel Chocolate in St.Lucia. I understand it's the less busy season and the chances of rain are much higher but does anyone know how bad the mosquito situation really is? The hotel is outdoor but has a mosquito net and you can opt to sleep with another under it. Should we avoid going because of the mosquitos? Half the reviews say it's not a problem and the other half claim it ruined the trip. Any advice would be appreciated!
What are some cities where touristy areas are located very near sketchy areas?,334,1i2asac,https://www.reddit.com/r/travel/comments/1i2asac/what_are_some_cities_where_touristy_areas_are/,706,1736983054.0,"Self-explanatory title but basically, what are some cities where it's quite easy for an unsuspecting tourist to go from a tourist area and then accidentally wander into a sketchy neighbourhood?

Based on my experience, the first two cities that come to mind are San Francisco and Barcelona. In SF, it's very easy for tourists to go from popular places like Union Square, Civic Center, and Chinatown into areas like the Tenderloin, which has become an infamous neighbourhood in the city for all the wrong reasons. And in Barcelona, it's very easy for tourists to go from touristy zones like Montjuic, Poble-Sec, and La Rambla/Gothic Quarter and then unknowingly entering into El Raval which isn't exactly the nicest area in the city by any means.

On the flip side, cities like London, Paris and NYC are generally very safe for tourists as the sketchy zones in those three cities are often located in the outskirts of the city and very far away from the crowded tourist spots, hence making it pretty much impossible for an unsuspecting tourist to accidentally end up there.

What are some other cities you've been to where this is the case? I think this would be good to know for all tourists alike who are looking to visit new cities they aren't familiar with"
Advice for April mountain treks & skiing in Uttarakhand and Himachal Pradesh,2,1i35u8d,https://www.reddit.com/r/travel/comments/1i35u8d/advice_for_april_mountain_treks_skiing_in/,0,1737079843.0,"Hi Everyone, 

I‚Äôm a male solo traveler in my mid-20s, exploring North India in March & April, traveling by train and bus. My itinerary for March includes exploring Rajasthan and Utter Pradesh, ending in Vanerasi.

In Apri I will explore Uttarakhand and Himachal Pradesh, the order likely being Rishikesh > (maybe Shimla) > Manali > Dharamasala & Mcleod Ganj > Amritsar before a finishing in New Delhi. 

I‚Äôd like to do a 4-6 day mountain trek in Uttarakhand or Himachal Pradesh with the following criteria:

Most important is that the trek includes spectacular, breathtaking views with clear views of some huge mountains and crystal blue lakes.
Moderate difficulty
Availability for tours with food and tents provided, and the option to store my extra belongings at the base. 
Rhododendron blooms in April would be a bonus, but mountain views are my priority. 

From my research Spiti Valley, Kheerganga, Triund, Kedarkantha, and Har Ki Dun all could be options but would love to hear any advice anyone else has!

I‚Äôd also like to ask if there are any skiing areas in Uttarakhand or Himachal Pradesh that are still suitable in April, given it‚Äôs the end of the ski season? I love skiing and would be cool to do some on this trip if possible. Would Solang Valley or Auli work for me in April? 

Thank you all in advance! "
All inclusive resort recommendations in DR? ,0,1i3cohr,https://www.reddit.com/r/travel/comments/1i3cohr/all_inclusive_resort_recommendations_in_dr/,0,1737106218.0,"Hi all üëãüèæ 

Family of 4 (2 adults, 1 infant, 1 toddler) plus mother in law looking for all inclusive resort in the Dominican republic (Punta Cana) for June. Any recommendations? We are mainly looking to enjoy a family friendly resort with a nice beach, great food and a smaller pool area for the little ones. 

We were thinking of Dreams Onyx or Iberostar Coral Bavaro? "
Is this itinerary too tight for Panama City to see the canal? ,2,1i33f3i,https://www.reddit.com/r/travel/comments/1i33f3i/is_this_itinerary_too_tight_for_panama_city_to/,7,1737072596.0,I'll be in Casco Viejo around 1pm. I have a flight to catch from BLB airport at 5:45pm. Do I have enough time to check out Miraflores Visitor centre and the Panama Canal in this time? I'm a little worried about traffic too (on a Monday) 
Iceland in January questions ,8,1i2uf21,https://www.reddit.com/r/travel/comments/1i2uf21/iceland_in_january_questions/,18,1737048998.0,"Hello! I found an air deal that I couldn‚Äôt pass up for the last week in January, so we are now going to Iceland! I actually have planned two trips there before that got cancelled due to COVID, but now that we‚Äôre going in the winter I have some questions. We‚Äôll be there for five nights (3 full days) and are staying in Reykjavik the whole time. I was planning on renting a car‚Äîwas thinking we‚Äôd do golden circle one day, go to Vik one day, and was unsure about the last day. It seems that golden circle will be doable driving wise in the winter, but what about Vik? Should we cancel the car and book tours instead? We do have two fairly experienced winter drivers. And does anyone have suggestions on what we should do the third day? Also, are Northern Lights tours worth it? Or should we just look for them on our own? Any advice would be appreciated!! "
Do you get a new 90 days tourist visa with each entry into Japan?,0,1i36j0f,https://www.reddit.com/r/travel/comments/1i36j0f/do_you_get_a_new_90_days_tourist_visa_with_each/,4,1737081998.0,"If I leave Japan with two week left on my tourist visa before it expires, then come back into the country one week later, with one week remaining before the original tourist visa expires, will they just resume my old tourist visa with the remaining days left, or will they give me a new 90 days. Asking for a friend of course. "
Is Carnival in Brazil Just as Fun Without Tickets and Just Rocking Up?,17,1i2mie8,https://www.reddit.com/r/travel/comments/1i2mie8/is_carnival_in_brazil_just_as_fun_without_tickets/,16,1737025464.0,"I'm planning to experience Carnival in Brazil this year as a solo backpacker and wondering if it's critical to buy tickets for the big events (like the Sambadrome parade in Rio) or if I can just rock up and enjoy the street parties (blocos) without any tickets.

For those who‚Äôve been:

Did you buy tickets, and was it worth it?

If I skip the ticketed events, will I still get the full Carnival experience?

If tickets are a must, which ones should I get (Sambadrome, camarotes, etc.)?


Would love to hear your experiences and recommendations!"
Logistics of flying to one destination from two different cities,3,1i2wues,https://www.reddit.com/r/travel/comments/1i2wues/logistics_of_flying_to_one_destination_from_two/,4,1737055122.0,"My sister and I are planning a trip to Japan in the next year or so. We live in close-ish cities (Chicago and Indianapolis). I'd love for us to be on the same international flight. I know we could drive etc to the other's city, but I wanted to see if there was some flight booking trick I'm not aware of for this situation."
Have you ever taken long bike trips in the Netherlands?,6,1i2ulbk,https://www.reddit.com/r/travel/comments/1i2ulbk/have_you_ever_taken_long_bike_trips_in_the/,10,1737049436.0,"I'm planning to travel there in the spring and from what I've seen, it's possible to get around the country by bike. At first I'll be staying in Gouda, and I'd like to visit places like Keukenhof, Kinderdijk, and I've seen that it's quite flat and safe for bikes. But I'd like to see real experiences, if this is actually recommended or if anyone has already cycled more than 20 km there and what the experience was like?"
Oman Visa,2,1i2zu80,https://www.reddit.com/r/travel/comments/1i2zu80/oman_visa/,13,1737062817.0,"We want to visit Oman at the end of march for less than 10 days. If we apply for the visa now, we have to enter Oman within 30 days, am I right? So should we apply for it later?¬†  
Until this step you didn't have to enter an arrival date. Does anyone have experience with this?

Thanks in advance!

https://preview.redd.it/ax9pp5aybfde1.jpg?width=2121&format=pjpg&auto=webp&s=b51e954f04330bc085486f831dbe6374c5e29830

"
Traveling to Philadelphia,12,1i2n9aq,https://www.reddit.com/r/travel/comments/1i2n9aq/traveling_to_philadelphia/,39,1737028449.0,"Hello everyone,

So I'm traveling to Philadelphia to attend a conference coming from outside the US. I have never been to the US before. I'm staying for around 2 weeks. I have a few questions:

1. How easy/simple is it to get a SIM card just to have internet with me everywhere? from the airport?  
2. What is the best/cheapest way to move around? apps like Uber? a regular taxi?   
3. Do you have any advice on things to avoid? places to stay away from? anything really that comes to mind

Thanks!"
"Is renting a car for a road trip through Germany, the Netherlands, and Belgium a good idea?",3,1i2zfn3,https://www.reddit.com/r/travel/comments/1i2zfn3/is_renting_a_car_for_a_road_trip_through_germany/,53,1737061750.0,"Hi everybody, I'm traveling with my family (a total of four people) from South America to Germany in April, arriving in Frankfurt. We plan to go from Frankfurt to Amsterdam, then to Belgium (Bruges and Ghent), Berlin, and back to Frankfurt to catch our return flight.

Despite the tips to use trains, buses, or flights between cities, we intend to rent a car. Since we are four people, we believe that driving will make locomotion easier, more convenient for carrying our baggage, and maybe cheap. Additionally, we would like to stop in some cities during our road trip without being restricted by fixed arrival or departure times at the locations we plan to visit.

Given this information, is renting a car in Germany to travel to these other countries a good idea? For someone like me, who is accustomed to driving frequently in big cities in South America, is the driving experience in Europe similar? I understand there are some differences, but I‚Äôm already reading up on them.

Initially, I was considering renting an EV because I read that some places have low-emission zones, and I was unsure if a regular ICE (internal combustion engine) car would be allowed in these areas. However, after doing some research, I came across people recommending an ICE car for long-distance travel. They mentioned it might be more practical, especially since I‚Äôve never used an EV before, and figuring out how to use charging stations could be challenging.  
Lastly, for someone who has never driven in Europe, considering the parking rules in each country, is it better to try parking in legal street spaces near points of interest in cities, or should I go directly to a paid parking lot?

  
Thank you very much for all the help."
Vietnam E Visa RECENT processing time?,0,1i340hz,https://www.reddit.com/r/travel/comments/1i340hz/vietnam_e_visa_recent_processing_time/,3,1737074332.0,"If you recently applied (in the last month) for a Vietnam travel/tourist Visa via the official website (not 3rd party or agent) - how long did it take you from Date of payment completion to Date of approval?

We just applied on the official site ($25 for single entry) since it‚Äôs cheapest compared to some crazy sites that charge $100+. But it‚Äôs near Lunar new year so we are worried if the processing time will take a while. Our flight is in 7 days (5 business days from now).

Finger crossed! I‚Äôm praying to God that we are getting approved before the flight. Otherwise we wouldn‚Äôt get boarded.


Thank you!
"
"Renting a car and open exploration between Medellin and Bogota, Colombia.",4,1i2tidf,https://www.reddit.com/r/travel/comments/1i2tidf/renting_a_car_and_open_exploration_between/,3,1737046716.0,"One of the best trips my wife and I ever went on was an open plan trip around Georgia (the country) back in 2019. We booked our flights in and out of the country, a hotel for the first night we arrived, and a 4x4 rental for the rest of the trip.

We had a map with everything we'd like to see, and we just went with the flow. Our first stop was based on the weather on that first day. At the end of the day, about 4pm, we opened up a couple of booking apps, searched for locations within a short drive, and booked somewhere on the spot. If we liked a place we'd speak to the owners and ask to extend a night, and one time we left an area earlier than planned as we didn't vibe with it.

We're both from Europe, and we have lots of experience driving abroad. Whether it's crazy European cities like Athens or Tbilisi, or countries like Georgia where in the countryside you're lucky if there's tarmac. [This](https://i.imgur.com/IbqZWAR.jpeg) was our vehicle, and [this](https://i.imgur.com/XYayqL5.jpeg) and [this](https://i.imgur.com/LRmS2ZE.jpeg) are the type of roads we spent some time driving on. **My point being**, we are comfortable in both crazy traffic and in adverse driving conditions. In Georgia we drove the long way back from Ushguli, avoiding rerouting via Mestia; slow, arduous, offroad mountain trails.

We'd like to repeat the freedom this type of experience gave us, but this time in Colombia. 

We have flights into Medellin, and about 2 weeks later flights out of Bogota.

One option is to either use buses to travel between small towns and villages, exploring the countryside and coffee country, with most things prebooked based on public transport schedules, or to go with the flow with a rental car.

A couple of times over the last few weeks I've opened up the booking apps, searched for accommodation near a random village in the region we'll be in, and always found plenty of options.

Does anyone have experience with this? How did you find it? Is this a good idea? How likely are we to find accommodation on the day?"
Resorts in Caribbean/Mexico with a private plunge pool?,2,1i2y0vc,https://www.reddit.com/r/travel/comments/1i2y0vc/resorts_in_caribbeanmexico_with_a_private_plunge/,12,1737058100.0,"Hi everyone, I'm looking for recommendations for a resort in the Caribbean or Mexico that offers rooms with a private plunge pool. My wife and I would be going with our 3 year old, so it shouldn't be adults only. Also shouldn't break the bank (<$800/night)."
Planning a last-minute trip to Germany and wondering the best way to buy Bundesliga tickets from Canada.,0,1i32bvh,https://www.reddit.com/r/travel/comments/1i32bvh/planning_a_lastminute_trip_to_germany_and/,4,1737069522.0,Has anyone ever bought tickets from Canada and then travelled to Germany to see the Football game? How did you get tickets? Thanks and sorry if this is the wrong place to ask!
Working Holiday: SWAP or on your own? New Zealand or Australia? Looking for personal stories/advice/pros.vs.cons/etc. TIA!,1,1i3269c,https://www.reddit.com/r/travel/comments/1i3269c/working_holiday_swap_or_on_your_own_new_zealand/,5,1737069078.0,"Hey everyone. I've been wanting to do a Working Holiday to either New Zealand or Australia for the last year. Planning on finally going forward with it and hoping to be abroad by August 2025 for around a year. In the middle of saving and planning for it!

I'm F/26, just looking for some general advice, personal stories, or tips and tricks (if any). I'm thinking about using SWAP, but it's pricey, so also wondering about doing it on my own.

**Does anyone have experience using SWAP, and did you find it useful? Pros or Cons?**

I find myself a bit worried that they recommend waiting until you arrive to both job hunt and find accommodation. My one other experience going abroad was doing an internship in South Africa, and my work and accommodation were figured out before I arrived.

What about the 8-Day or 4-Day Welcome Week? Is this worth it? The extra travelling? What about the access to the Whatsapp Group? Did this make it easier to connect with people? I am on the shyer side, meaning the prospect of having these things in place sounds like an advantage. But then again, I'm sure I will meet people anyway through work etc.

**Working Holiday on your own: Pros and Cons?**

The biggest pro is, of course, saving on cash. But did you find it made things more rewarding, more difficult? I went through a third party when doing an internship in South Africa, and there were times when I regretted it and wished I had gone out on my own.

**New Zealand or Australia?**

I know this comes down to preference at the end of the day, but just looking for insight anyway. I'm drawn to both places, though admittedly, Australia has been top of the list until just recently. I have people I can connect with in both places once I arrive too.

What is the job atmosphere like in both places? I have a Bachelor's degree in the arts, and my ideal would be to be hired on by a non-profit. But essentially, I am willing to find work doing whatever (barista, tourism, working with animals, etc. literally anything!)

What are the costs like? Living expenses? Is it easy to travel within the country?

**Are there any questions I'm not asking that I should be asking?**"
Traveling to Congo ,3,1i2tv0s,https://www.reddit.com/r/travel/comments/1i2tv0s/traveling_to_congo/,17,1737047606.0,"My wife (Congolese) and myself (Zimbabwean) plan on traveling to DRC. We are both originally from our respective countries of origin, however we are Canadian citizens and will coming from Canada. Safety is our biggest concern, and we are wondering if we should make the trip. Kindly advise "
any sleep place in Pearson Intl Airport due to 18-hr layover?,0,1i325z6,https://www.reddit.com/r/travel/comments/1i325z6/any_sleep_place_in_pearson_intl_airport_due_to/,11,1737069055.0," My flight arrives in Pearson Intl Airport at 6pm, but next flight is at next day noon (layover time is 18 hrs!), Does anyone know if there is sleep place inside Pearson Intl Airport at Toronto for long layover time? Any good suggestion? Thank you."
Advice on cross-country busses in Algeria,1,1i31x42,https://www.reddit.com/r/travel/comments/1i31x42/advice_on_crosscountry_busses_in_algeria/,0,1737068385.0,"Hello!

After my first foray in North Africa, visiting Alexandria last year, I'm starting to plan a trip to Algeria in March/April time.

I'd like to spend just over a week going from Algiers to Jijel (or similar secluded beach town - feel free to recommend) and then Annaba (staying in Seraidi) before flying back to the UK for Annaba airport.

**My main question:**¬†is it realistic to bus to each of these three cities? I've found¬†[this company](https://www.sogral.dz/index.php/fr/nos-agences)¬†but wondered if anybody had any experience taking cross-country busses in Algeria to these cities.

Once I know the busses are all okay, I'll book my accommodation and then apply for a tourist visa!

Thanks in advance for your advice :)

Jeb"
How does customs work if I‚Äôm travelling from Japan back home to Canada with a week stay in the US in the middle?,0,1i36i1e,https://www.reddit.com/r/travel/comments/1i36i1e/how_does_customs_work_if_im_travelling_from_japan/,10,1737081912.0,"I‚Äôm a Canadian citizen currently on vacation in Japan. I‚Äôll be flying back to the US first and staying for a week before returning home to Canada. 

How does clearing customs work in that case. I‚Äôm aware that entering Canada I can claim up to $800 worth of items from my travel that I do not need to pay duties on. 

How does the process work for first entering the US however? Do I separately have to claim items to clear through US customs. Am I at risk of paying any duties in that trip or am I clear because I‚Äôm not staying in the US. I‚Äôm not really sure at all how the rules are when entering the US from another country so any help would be appreciated.

Thanks!"
Help with Korean Visa Application: More Than 5 Travels in the Last 5 Years?,1,1i30sva,https://www.reddit.com/r/travel/comments/1i30sva/help_with_korean_visa_application_more_than_5/,1,1737065374.0,"Hi everyone,

I'm currently filling out a visa application for Korea, and there's a section asking for travel history from the last 5 years. The form only has 5 slots to list these travels, but I‚Äôve traveled to more than 5 countries during this period.

Does anyone know how to handle this? Should I just list the 5 most recent trips, or is there a way to include all of them, like attaching an extra sheet or document? I don‚Äôt want to make a mistake that could delay the process.

Thanks in advance for your advice!"
"Mexico: 2 week itinerary, critique welcome! ",2,1i2ufpu,https://www.reddit.com/r/travel/comments/1i2ufpu/mexico_2_week_itinerary_critique_welcome/,1,1737049043.0,"Hello! I'm (M, 26) planning a solo trip to Mexico this year from 13th-29th December (16 days) and I would love some critique on where I'm at so far. In all honesty, I'm finding it a tad overwhelming and I'm probably trying to cram in too much. So, some advice is very much welcome! 

* Dec 13: Fly from London to Mexico City. 
* Dec 14-16: Mexico City.
* *Dec 16: 6 hour overnight coach to Oaxaca City.*
* Dec 17-19: Oaxaca City.
* *Dec 19: 12 hour overnight coach to San Cristobal.*
* Dec 20-23: San Cristobal.¬†
* Dec 24-28: Holbox.¬†
* Dec 29: Fly from Cancun, 

I've kept my time in Mexico City quite short as I'd rather spend more time in other places. I'm pretty set on spending the Christmas period chilling on a beach, so I'm okay if the first leg of the trip is a bit full on (but I also want to be realistic). I'll be staying in hostels and trying to make it as cheap as poss! 

Thanks!"
Airport guidance for first time international traveler,0,1i2z3ll,https://www.reddit.com/r/travel/comments/1i2z3ll/airport_guidance_for_first_time_international/,5,1737060898.0,"I (23F) will be taking my first international Solo trip in August- Sept. Im from South Africa and will be traveling to Japan. I do however have a few questions as I am a bit unsure about the process:

1. I will have a layover at an airport no matter which flight I choose. Which Airport would you say is best for layover with which airline company  Changi (Singapore Airlines), Hamad (Qatar Airlines),  Dubai (Emirates Airlines),  or Bole Addis Ababa (Ethiopian Airlines)? 

2. When my connecting flight is on the same airline, will I need to collect my luggage and check in again when leaving layover destination?

3. Am I allowed to do duty free shopping and so on in the airport where I have a layover? Will I need to get a Visa for my time in the airport?


Sorry I know these might be some silly questions, but as a first time international traveller it is kind of scary just to figure everything out...and welll some of the forums do not give straightforward answers.


Thank youu!!

"
US west coast national park - first time,3,1i2qc6w,https://www.reddit.com/r/travel/comments/1i2qc6w/us_west_coast_national_park_first_time/,12,1737038355.0,"Hi, 

Together with my wife we're planning our vacation in the US. As our experience is non existent if it comes to this part of the world, I would highly appreciate any feedback, suggestion and any other tips which could be useful for us. 
The main goal for the trip is the  ""desert"" nature and national parks on the West Coast. 
Below is our very preliminary plan. 
If it comes to duration it will be min. 10 and max. 14 days, late April or early May depending on the flights schedule. 

We'll be travelling from Europe to LA. We plan to rent a car for a whole stay, something which will be relatively economical and comfortable enough for longer drives (RAV4 or similar?). 
 
We will stay a few days in LA to see some touristy spots and then move to Palm Springs (or somewhere nearby) to visit Joshua Tree National Park. From there, we will drive to Arizona. The main goal is to visit the Grand Canyon. We though about staying somewhere near Sedona and take day trips to Grand Canyon and nearby areas. After a few days, we will move to the south, visit Grand Canyon West and stay couple of days in Las Vegas, again doing some touristy activities. After that, the plan is to go back to LA via the Death Valley National and maybe visit Sequoia National Forest. Probably staying somewhere overnight (or even longer if it's worth it). Then, back to LA for another 1-2 nights and flight back to Europe.

So, that's a very preliminary plan, now a few questions.
1) First of all, is this doable? as per google maps, it will be around 1500 miles in total. Is it possible to do it comfortably or should we consider reducing/changing the plan?
2) Car rental. I have no experience in renting cars in the US. Firstly, I heard that only credit cards are accepted for the deposit even if I paid in advance, is this correct? Secondly, what about the insurance while travelling across different states? In my case that would be California, Arizona and Nevada. I would expect to have FDW which includes thefts as well. Is this a standard coverage in the US? Lastly, could you recommend any car rental companies? Heard some good words about AVIS in LA.
3) Safety in general. Despite ""difficult"" neighborhoods/districts in LA and LV should we expect any problems while travelling? What to look out for, what to avoid? Those long desert roads seem to be a little overwhelming. Also, we're not party animals and like to be in bed around 10 pm so definitely no late partying and travelling for us...

That would be it for now, if you have any locations/areas to visit or places to stay I would grateful for any recommendations. Thanks!"
vietnam e visa,1,1i2yne9,https://www.reddit.com/r/travel/comments/1i2yne9/vietnam_e_visa/,3,1737059727.0,"Hello every one i just a question regarding visas when travelling to Vietnam. I am a canadian citizen (also a philippine passport holder) and had travelled to vietnam last november. When i went to vietnam on november of 2024 i used my canadian passport with my visa. I was able to go in. I spent 1 week in HCM then travelled to philippines where i stayed for two weeks before going back to vietnam. While in the philippines i picked up my philippine passport. I am a dual citizen of Canada and Philippines. So after being in philippines i went back to travel to HCM. I used my canadian passport along with my visa but the customs agent didnt let me through. Little did i know that my visa was only a single entry visa. I did not know this since it was my vietnamese friend who signed me up for it when we travelled to vietnam the first time i was there. I was lucky i had my philippine passport with me. I showed the customs agent and he gave me an entry stamp and let me go into vietnam. Now on february 2025 i am going back to vietnam. I plan to go in with my philippine passport. I know that with philippine passport you dont need a visa to get in and they allow you with 21 days of stay. This time around ill be spending about 10 days in HCM then go to philippines with my vietnamese girlfriend.(lives in vietnam) In philippines we will be spending about two weeks there travelling around and going to the nice beaches of the country. After all that we will go back to vietnam. My question is that when i travel to vietnam visa free.... then once i exit the country between the allowed duration of stay in vietnam. Then come back into vietnam using the philippine passport i have will the 21 days renew? Basically ill be doing multiple entry with in 6 weeks duration.  
Everytime i exit vietnam i get the exit stamp on my passport. Since i dont need a visa to get in with my philippine passport..  when re entering does it renew the 21 days? Or would i still need to but a multiple entry visa?  
  
Also i already  bought my ticket going to vietnam (using my philippine passport/different last name as my canadian passport). I dont have a ticket yet leaving vietnam... since my stay there would vary regarding on when i leave vietnam with my gf to go to philippines.. i plan to buy it when i get to asia(currently in canada)  
When coming in with the philippine passport would the customs agent  ask for a ticket exiting vietnam? They didnt ask me for a ticket exiting vietnam when the first time i got there with canadian passport/visa. The second time i went there when i bought the tickets i used my canadian passport for the ticket... they didnt ask for ticket going out..   
  
Please let me know the answer thanks"
Finding a guide for Aswan & Luxor in Egypt,1,1i2wn9w,https://www.reddit.com/r/travel/comments/1i2wn9w/finding_a_guide_for_aswan_luxor_in_egypt/,3,1737054609.0,"Our (wife and I) last minute tour in Egypt just fell through.  We will fly to Egypt anyway and, I think, do the route largely as envisaged: Cairo 3 days; Aswan 2-3 days; Luxor 2-3 days.  

I‚Äôd be happy to pay for a guide to translate, to run interference in Luxor and Aswan and to educate us.

Does anyone have any thoughts on how to find an English speaking guide based in either Aswan or Luxor?"
Visiting Piemonte and Torino,1,1i2wk77,https://www.reddit.com/r/travel/comments/1i2wk77/visiting_piemonte_and_torino/,0,1737054389.0,"Hello,
Hoping for a fellow traveller advice.
Caught cheap tickets to Torino and want a little help planing my trip. Just bought the ticket and the flight is on saturday morning so not alot of time to do proper research, since Im working tomorrow lol
I will be staying in Piemonte for 4 days. Im not big on cities and enjoy nature and small cozy towns. However I cant do long hikes (10-15km is a max for now depending on conditions) the time being because of busted knee. 
So far I planned attending Juventus - Milan game on saturday and staying in Torino for the night.
Rented a car for the next days and planning to go to Susa (maybe visiting Sacra de Saint Michele abd Avigliana on the way), spend the night and morning in Susa and drive for Aosta maybe stoping in Ivrea. How does that sound for you?
My concern is whether I picked something that will have that cozy town/nature experience in winter? And any nice places to eat in those towns with simple but authentic food? 
 Will have one day left so maybe I will stay in Torino or somewhere, any advice?(the flight is next day early morning)
Thank you in advance !"
Multiple currency ,0,1i2webb,https://www.reddit.com/r/travel/comments/1i2webb/multiple_currency/,6,1737053995.0,"I am planning a SEA cruise where I will be in Vietnam, Malaysia, Singapore and Thailand. Any suggestions to the best way to deal with currency? I have a credit card of course but I like to have some cash for vendors, tips, etc."
France Suggestions for Itinerary ,1,1i2vpqj,https://www.reddit.com/r/travel/comments/1i2vpqj/france_suggestions_for_itinerary/,2,1737052242.0,"I'm going to be going on my first trip to France in early July, and I have a couple questions and am also looking for suggestions on our methods of travel. We won't have any mobility issues, so I don't think we will be too bothered by the travel. Still curious on folks' thoughts though. I do think we have a train preference because of the comfort. I'd greatly appreciate your thoughts on the questions below.

1. Do you think this is the right order? With Paris as the start and end point, strangely it seems like this order, rather than Paris-Bordeaux-Cassis-Chamonix-Paris, is faster.   
2. Which option for Provence to Chamonix do you think makes the most sense?   
3. Despite not having children or mobility issues, do you think this is too much travel? If so, I'm wondering if the move would be to cut out Chamonix, which I would be really disappointed to do.   
4. What actually prompted me to post is finding out that what I thought was the perfect chateau in Bordeaux only has 2 (and not the necessary 3 we need) rooms with air conditioning and 1 without. This made me want to see if I could re-order things to accommodate the availability of that small chateau. Curious if folks have thoughts on whether no AC in July in Bordeaux is a deal-breaker.   
5. Would any short flights make sense? Looking at the math, it seems unlikely. 

Thanks! 

July 3: Arrive in Paris and head to Cassis (train to Marseille 3.5 hr) and then drive to Cassis(1 hr drive))  
July 4-6: Explore Provence  
July 7: Depart Provence and head to Chamonix (A-drive to Marseille 1 hr + train to Lyon 2 hr + drive to Chamonix 3 hr (total 6 hours))(B-drive to Marseille 1 hr + train to Annecy 4.75 hr + drive to Chamonix 1 hr (total 6.75 hours)) (C-drie to Marseille 1 hr + train to Geneva 4 hr + drive to Chamonix 1 hr (6 hour total)) (D-drive to Chamonix 5-6 hours))  
July 8-9: Explore Alps  
July 10: Depart Chamonix and head to Bordeaux (A-drive to Lyon 3 hours + train to Bordeaux (4.5 hours (total 7.5) B-(drive to Bordeaux 8 hours)  
July 11-12: Explore Bordeaux  
July 13: Depart Bordeaux for Paris to head home "
AVOID Transfeero at all cost!,0,1i2uy6d,https://www.reddit.com/r/travel/comments/1i2uy6d/avoid_transfeero_at_all_cost/,2,1737050334.0,"I recently used Transfeero to book a car to take my daughter from JFK to NYC. The driver was not there when we agreed; he then kept saying he would be there in 5 minutes for over 40 minutes while my daughter was waiting.

As she was a minor, the booking was made especially so he could wait for her with a sign at the arrivals exit. Instead, he insisted that she come up to arrivals and get out of the terminal so he could pick her up.

At that point, I did not feel safe having my daughter wait any longer, and I asked her to take a yellow taxi.  


No, Transfeero is refusing to refund me for the pre-paid. 

NEVER USE TRANSFEERO"
Feedback on 3 Weeks in Mexico Itinerary,1,1i2ukv9,https://www.reddit.com/r/travel/comments/1i2ukv9/feedback_on_3_weeks_in_mexico_itinerary/,2,1737049404.0,"Hi there - my partner and I are planning to visit Mexico in the month of March. We will be there for 20 days, which hopefully gives us enough time to explore variety of things from culture, cities, surfing, and plus a tiny diving trip. This is our high-level itinerary so far:

**Days 1-5: Mexico City**

**Days 6-9: San Crist√≥bal de las Casas**

* We heard we can also do climbing/bouldering here?

**Days 10-13: Oaxaca City**	

**Days 14-17: Puerto Escondido**

* Including day trips to dive at Puerto √Ångel

**Days 19/20: Back to Mexico City**

This is decent right? Leaving some room for little bit of improvisation.

My partner is actually staying longer for 5 weeks instead of the 3 weeks-ish. And he's into all of the outdoor stuffs, surfing, diving, climbing, hiking etc. So please do give some recommendations for him!

Cheers!"
Booked tour flights deny upgrades,0,1i2ue4h,https://www.reddit.com/r/travel/comments/1i2ue4h/booked_tour_flights_deny_upgrades/,6,1737048932.0,"Hope folk can help .
We are booked on a tour of Sri Lanka and our plane tickets do not allow us to choose our seats or buy extra leg room .
The company in question Great Rail Journeys ,say it‚Äôs Qatar Airways fault ,which is plainly not true as we flew Qatar in October with Wendy Wu and upgraded no problem.
Any thoughts ?"
Applying for Visa while not in home county?,3,1i2mnv6,https://www.reddit.com/r/travel/comments/1i2mnv6/applying_for_visa_while_not_in_home_county/,6,1737026115.0,"I‚Äôm studying in London for the semester and I had plans to travel in Europe during my time here. So I applied for a visa, only to find out after getting an appointment that I can‚Äôt apply for a tourist Schengen visa, while on a short term visa in the Uk, I need to apply in the embassy in a country that I‚Äôm a resident of. 

This obviously sucks! And I‚Äôve been planning this trip for almost two years, I‚Äôm from Kenya so I can‚Äôt really skip school for two weeks to go home to do my appointments. Plus the flight is ridiculous expensive.  

I‚Äôm wondering if I should just go for my appointments even though the embassy said they only serve Uk residents?

If I could go home is there a way to expedite the process?

Has anyone gone through this, or a similar situation. How did it work out?

Should I just give upüò≠

"
Hong Kong & WW2,8,1i2im4s,https://www.reddit.com/r/travel/comments/1i2im4s/hong_kong_ww2/,7,1737008039.0,"I'm coming Hong Kong in about a month & have family history who fought in WW2 (against the Japanese).  
I would love to learn more about what he did, Hong Kong under Japanese occupation, what the battle was like, etc... Not just museums but also actual sites where the military life & battles would have taken place.

I've already visited the HK Museum of Coastal Defence, and I've done some hiking where I could see the pillboxes, trenches, etc... But I'd like to see more.

Are there any museums or places anyone can recommend?  
Are there any institutions/tour operators/etc... who might have tours specialized in such a specific period of HK history?

Many Thanks in advance!"
2 day trip from Hurghada to Luxor,7,1i2jmlw,https://www.reddit.com/r/travel/comments/1i2jmlw/2_day_trip_from_hurghada_to_luxor/,9,1737012364.0,"Me and my friend are going to Hurghada and want to go 2 days to Luxor. 

Does anyone have experience with this trip and do you recommend to book a taxi there and then manage the tours in Luxor or just book an all included tour from Hurghada? 

All other tips about this trip are also welcome :)"
Paris tour options (4-5 hours max) vs self tour on 10 hour layover at CDG,1,1i2rtmk,https://www.reddit.com/r/travel/comments/1i2rtmk/paris_tour_options_45_hours_max_vs_self_tour_on/,13,1737042385.0,"My husband and I are flying to Stockholm via CDG in March. We have a 10 hour layover at CDG. We booked this long layover on purpose hoping to give ourselves time to see at least the highlights in Paris. We are flying in on air france in business (also business class to Stockholm). We are traveling with 2 checked bags, which I assume will be checked through to Stockholm for us since it's all on the same ticket. We will have 2 backpacks (small) with us that we can just take with us into Paris on our tour. We'll be arriving on a Saturday morning into CDG.

Currently, we have a private tour booked with pickup at the airport but it's quite expensive. We're fine keeping that, but I was looking for other options. How hard is it to get from CDG to the heart of Paris by public transit/train if you've never done it before. We are pretty good at following directions, of course, but we don't speak French and we want to make sure we're back at the airport in plenty of time for our next flight. We'd like to just hit the highlights. Notre Dame, Eiffel, etc. 

I guess my question is how easy it is to navigate to the city and around the city and then back to the airport without a guide and see things on our own. We're relatively tech savvy, but with time being of the essence, we don't want to make a mistake that would cause us to miss our next flight. I'd love to be able to save that $400 for other activities in Sweden, but not at the expense of adding a ton of stress to our layover. Thanks!"
Renting a car in San Pedro de Atacama,2,1i2mdlb,https://www.reddit.com/r/travel/comments/1i2mdlb/renting_a_car_in_san_pedro_de_atacama/,1,1737024923.0,"Hi, I am travelling to South America at the end of this month and trying to research into things ahead of time just so when it comes to making the plans once I am there, I do not need to do as much research. I was looking at exploring the Atacama desert self-guided rather than with multiple tours as I assume it works out cheaper, and since I am on a backpackers' budget, this is ideal. I am 20 years old and have struggled to find somewhere where I can look to rent a car in this area for 2 days or so. I understand there may be some more options on the ground rather than online, but I cannot seem to find anywhere that will provide me an estimate so that I can work out a budget. In addition, does anyone know if any of the rental agencies in this area will rent a car to a 20-year old? Any help would be appreciated, thank you."
Brussels Airlines,0,1i2urla,https://www.reddit.com/r/travel/comments/1i2urla/brussels_airlines/,4,1737049866.0,"Avoid booking your preferred seat with Brussels Airlines and paying extra for it. We were assigned different seats what we purchased and when we addressed the issue, the stewardess simply told us to apply online for a refund. Their customer service was very dismissive, bluntly insisting that since we had been assigned seats, we should be grateful, or they would just brush me off completely. I have never encountered a situation where I purchased an additional service that was not fulfilled, and they failed to acknowledge it or issue a refund. 

We spent a total of $80 to reserve two specific seats, which were not provided; this has never happened to me in my travels before. Filling out their online forms was a huge waste of time, and after all that effort, receiving such dismissive customer service was very upsetting."
